qtractor (0.8.5-33) unstable; urgency=low

  * New release: autumn'17 beta

 -- Rui Nuno Capela <rncbc@rncbc.org>  Mon,  4 Dec 2017 19:00:00 +0000

qtractor (0.8.4-32) unstable; urgency=low

  * New release: end of summer'17 beta

 -- Rui Nuno Capela <rncbc@rncbc.org>  Wed, 20 Sep 2017 19:00:00 +0000

qtractor (0.8.3-31) unstable; urgency=low

  * New release: stickiest tauon beta

 -- Rui Nuno Capela <rncbc@rncbc.org>  Fri, 30 Jun 2017 19:00:00 +0000

qtractor (0.8.2-30) unstable; urgency=low

  * New release: stickier tauon beta

 -- Rui Nuno Capela <rncbc@rncbc.org>  Wed, 10 May 2017 19:00:00 +0000

qtractor (0.8.1-29) unstable; urgency=low

  * New release: sticky tauon beta

 -- Rui Nuno Capela <rncbc@rncbc.org>  Fri, 17 Feb 2017 20:00:00 +0000

qtractor (0.8.0-28) unstable; urgency=low

  * New release: snobbiest graviton beta

 -- Rui Nuno Capela <rncbc@rncbc.org>  Mon, 21 Nov 2016 12:00:00 +0000

qtractor (0.7.9-27) unstable; urgency=low

  * New release: snobbier graviton beta

 -- Rui Nuno Capela <rncbc@rncbc.org>  Wed, 21 Sep 2016 18:00:00 +0100

qtractor (0.7.8-26) unstable; urgency=low

  * New release: snobby graviton beta

 -- Rui Nuno Capela <rncbc@rncbc.org>  Thu, 23 Jun 2016 19:30:00 +0100

qtractor (0.7.7-25) unstable; urgency=low

  * New release: haziest photon beta

 -- Rui Nuno Capela <rncbc@rncbc.org>  Wed, 27 Apr 2016 19:30:00 +0100

qtractor (0.7.6-24) unstable; urgency=low

  * New release: hazier photon beta

 -- Rui Nuno Capela <rncbc@rncbc.org>  Tue,  5 Apr 2016 19:30:00 +0100

qtractor (0.7.5-23) unstable; urgency=low

  * New release: hazy photon beta

 -- Rui Nuno Capela <rncbc@rncbc.org>  Mon, 21 Mar 2016 20:00:00 +0000

qtractor (0.7.4-22) unstable; urgency=low

  * New release: tackiest gluon beta

 -- Rui Nuno Capela <rncbc@rncbc.org>  Thu, 28 Jan 2016 20:00:00 +0000

qtractor (0.7.3-21) unstable; urgency=low

  * New release: tackier gluon beta

 -- Rui Nuno Capela <rncbc@rncbc.org>  Tue, 29 Dec 2015 19:00:00 +0000

qtractor (0.7.2-20) unstable; urgency=low

  * New release: tacky gluon beta

 -- Rui Nuno Capela <rncbc@rncbc.org>  Thu, 10 Dec 2015 19:00:00 +0000

qtractor (0.7.1-19) unstable; urgency=low

  * New release: meson dope beta

 -- Rui Nuno Capela <rncbc@rncbc.org>  Fri,  9 Oct 2015 20:00:00 +0100

qtractor (0.7.0-18) unstable; urgency=low

  * New release: muon base beta

 -- Rui Nuno Capela <rncbc@rncbc.org>  Fri, 24 Jul 2015 22:00:00 +0100

qtractor (0.6.7-17) unstable; urgency=low

  * New release: lepton acid beta

 -- Rui Nuno Capela <rncbc@rncbc.org>  Wed, 27 May 2015 18:30:00 +0100

qtractor (0.6.6-16) unstable; urgency=low

  * New release: lazy tachyon beta

 -- Rui Nuno Capela <rncbc@rncbc.org>  Sun, 29 Mar 2015 17:30:00 +0100

qtractor (0.6.5-15) unstable; urgency=low

  * New release: fermion ray beta

 -- Rui Nuno Capela <rncbc@rncbc.org>  Fri, 30 Jan 2015 18:30:00 +0100

qtractor (0.6.4-14) unstable; urgency=low

  * New release: baryon throne beta

 -- Rui Nuno Capela <rncbc@rncbc.org>  Mon, 24 Nov 2014 18:30:00 +0100

qtractor (0.6.3-13) unstable; urgency=low

  * New release: armed hadron beta

 -- Rui Nuno Capela <rncbc@rncbc.org>  Mon, 22 Sep 2014 18:30:00 +0100

qtractor (0.6.2-12) unstable; urgency=low

  * New release: boson walk beta

 -- Rui Nuno Capela <rncbc@rncbc.org>  Mon,  7 Jul 2014 18:30:00 +0100

qtractor (0.6.1-11) unstable; urgency=low

  * New release: bitsy sweet beta

 -- Rui Nuno Capela <rncbc@rncbc.org>  Tue, 29 Apr 2014 18:30:00 +0100

qtractor (0.6.0-10) unstable; urgency=low

  * New release: byte bald beta

 -- Rui Nuno Capela <rncbc@rncbc.org>  Fri, 21 Mar 2014 18:30:00 +0100

qtractor (0.5.12-9) unstable; urgency=low

  * New release: mike november

 -- Rui Nuno Capela <rncbc@rncbc.org>  Tue, 31 Dec 2013 12:00:00 +0100

qtractor (0.5.11-8) unstable; urgency=low

  * New release: lima oscar

 -- Rui Nuno Capela <rncbc@rncbc.org>  Mon,  7 Oct 2013 18:30:00 +0100

qtractor (0.5.10-7) unstable; urgency=low

  * New release: kilo papa

 -- Rui Nuno Capela <rncbc@rncbc.org>  Thu, 18 Jul 2013 18:30:00 +0100

qtractor (0.5.9-6) unstable; urgency=low

  * New release: juliet quebec

 -- Rui Nuno Capela <rncbc@rncbc.org>  Thu,  6 jun 2013 18:30:00 +0100

qtractor (0.5.8-5) unstable; urgency=low

  * New release: india romeo

 -- Rui Nuno Capela <rncbc@rncbc.org>  Tue, 19 Mar 2013 18:00:00 +0100

qtractor (0.5.7-4) unstable; urgency=low

  * New release: hotel sierra

 -- Rui Nuno Capela <rncbc@rncbc.org>  Thu, 27 Dec 2012 18:00:00 +0100

qtractor (0.5.6-3) unstable; urgency=low

  * New release: golf tango

 -- Rui Nuno Capela <rncbc@rncbc.org>  Tue,  2 Oct 2012 22:30:00 +0100

qtractor (0.5.5-2) unstable; urgency=low

  * New release: foxtrot uniform

 -- Rui Nuno Capela <rncbc@rncbc.org>  Fri, 15 Jun 2012 18:00:00 +0100

qtractor (0.5.4-1) unstable; urgency=low

  * New release: echo victor

 -- Rui Nuno Capela <rncbc@rncbc.org>  Thu,  1 Mar 2012 18:35:20 +0100

qtractor (0.5.3-1) unstable; urgency=low

  * New release: delta whisky

 -- Rui Nuno Capela <rncbc@rncbc.org>  Wed, 28 Dec 2011 17:25:30 +0100

qtractor (0.5.2-1) unstable; urgency=low

  * New release: charlie x-ray

 -- Rui Nuno Capela <rncbc@rncbc.org>  Fri, 16 Dec 2011 23:45:01 +0100

qtractor (0.5.1-1) unstable; urgency=low

  * New release: bravo yankee

 -- Rui Nuno Capela <rncbc@rncbc.org>  Wed,  5 Oct 2011 12:34:56 +0100

qtractor (0.5.0-1) unstable; urgency=low

  * New release: alpha zulu (tyoqa)

 -- Rui Nuno Capela <rncbc@rncbc.org>  Fri, 22 Jul 2011 18:00:00 +0100

qtractor (0.4.9-1) unstable; urgency=low

  * New release: final dudette

 -- Rui Nuno Capela <rncbc@rncbc.org>  Thu, 26 May 2011 19:00:00 +0100

qtractor (0.4.8-1) unstable; urgency=low

  * New release: fiery demigoddess

 -- Rui Nuno Capela <rncbc@rncbc.org>  Tue, 18 Tue 2011 18:00:00 +0100

qtractor (0.4.7-1) unstable; urgency=low

  * New release: furious desertrix

 -- Rui Nuno Capela <rncbc@rncbc.org>  Thu, 30 Sep 2010 19:00:00 +0100

qtractor (0.4.6-1) unstable; urgency=low

  * New release: funky deviless

 -- Rui Nuno Capela <rncbc@rncbc.org>  Fri, 21 May 2010 22:33:00 +0100

qtractor (0.4.5-1) unstable; urgency=low

  * New release: friskier demivierge

 -- Rui Nuno Capela <rncbc@rncbc.org>  Sat, 23 Jan 2010 16:00:00 +0100

qtractor (0.4.4-1) unstable; urgency=low

  * New release: frisky demivierge

 -- Rui Nuno Capela <rncbc@rncbc.org>  Sat, 16 Jan 2010 20:00:00 +0100

qtractor (0.4.3-1) unstable; urgency=low

  * New release: fussy doula

 -- Rui Nuno Capela <rncbc@rncbc.org>  Mon,  5 Oct 2009 18:00:00 +0100

qtractor (0.4.2-1) unstable; urgency=low

  * New release: flaunty demoness

 -- Rui Nuno Capela <rncbc@rncbc.org>  Thu,  4 Jun 2009 18:33:20 +0100

qtractor (0.4.1-1) unstable; urgency=low

  * New release: funky dominatrix

 -- Rui Nuno Capela <rncbc@rncbc.org>  Sat,  4 Apr 2009 00:01:04 +0100

qtractor (0.4.0-1) unstable; urgency=low

  * New release: foxy dryad

 -- Rui Nuno Capela <rncbc@rncbc.org>  Fri, 13 Mar 2009 00:21:07 +0100

qtractor (0.3.0-1) unstable; urgency=low

  * New release: fluffy doll

 -- Rui Nuno Capela <rncbc@rncbc.org>  Thu, 25 Dec 2008 18:27:00 +0100

qtractor (0.2.2-1) unstable; urgency=low

  * New release: flirty ditz

 -- Rui Nuno Capela <rncbc@rncbc.org>  Sun,  5 Oct 2008 19:31:00 +0100

qtractor (0.2.1-1) unstable; urgency=low

  * New release: fainty diva

 -- Rui Nuno Capela <rncbc@rncbc.org>  Sat, 30 Aug 2008 01:00:00 +0100

qtractor (0.2.0-1) unstable; urgency=low

  * New release: frolic demoiselle

 -- Rui Nuno Capela <rncbc@rncbc.org>  Fri, 18 Jul 2008 00:00:01 +0100

qtractor (0.1.3-1) unstable; urgency=low

  * New release: frugal damsel

 -- Rui Nuno Capela <rncbc@rncbc.org>  Fri,  2 May 2008 00:01:00 +0100

qtractor (0.1.2-1) unstable; urgency=low

  * New release: frantic dame

 -- Rui Nuno Capela <rncbc@rncbc.org>  Sun, 23 Mar 2008 16:40:00 +0100

qtractor (0.1.1-1) unstable; urgency=low

  * New release: futile duchess

 -- Rui Nuno Capela <rncbc@rncbc.org>  Sat, 16 Feb 2008 14:30:00 +0100

qtractor (0.1.0-1) unstable; urgency=low

  * New release: frivolous debutante

 -- Rui Nuno Capela <rncbc@rncbc.org>  Sat,  5 Jan 2008 15:20:00 +0100

qtractor (0.0.9.778-1) unstable; urgency=low

  * New pre-release: adolescence prime

 -- Rui Nuno Capela <rncbc@rncbc.org>  Fri, 30 Nov 2007 00:00:02 +0100

qtractor (0.0.8.762-1) unstable; urgency=low

  * New pre-release: twelfth tight

 -- Rui Nuno Capela <rncbc@rncbc.org>  Mon, 12 Nov 2007 00:00:01 +0100

qtractor (0.0.7.752-1) unstable; urgency=low

  * New pre-release: eleventh tower

 -- Rui Nuno Capela <rncbc@rncbc.org>  Wed, 31 Oct 2007 00:01:28 +0100

qtractor (0.0.6.728-1) unstable; urgency=low

  * New pre-release: tenth commencement

 -- Rui Nuno Capela <rncbc@rncbc.org>  Tue, 9 Oct 2007 17:10:12 +0100

qtractor (0.0.5.702-1) unstable; urgency=low

  * New pre-release: ninth hitch nail

 -- Rui Nuno Capela <rncbc@rncbc.org>  Sat, 8 Sep 2007 19:09:31 +0100

qtractor (0.0.4.675-1) unstable; urgency=low

  * New pre-release: eight wanderer

 -- Rui Nuno Capela <rncbc@rncbc.org>  Thu, 19 Jul 2007 17:21:50 +0100

qtractor (0.0.3.662-1) unstable; urgency=low

  * New pre-release: seventh draught

 -- Rui Nuno Capela <rncbc@rncbc.org>  Sat, 23 Jun 2007 12:01:11 +0100

qtractor (0.0.3.630-1) unstable; urgency=low

  * Initial debianization

 -- Rui Nuno Capela <rncbc@rncbc.org>  Thu, 14 Jun 2007 10:08:41 +0100

